source_url,room_count,pricerange,postcode,address_line,name,locality,country,longitude,rating_summary,state,amenities,stars,latitude,traveler_rating,alternative_names
http://www.tripadvisor.com/Hotel_Review-g59900-d534304-Reviews-Roche_A_Cri_State_Park-Friendship_Wisconsin.html,41,$,53934,1767 Hwy 13,Roche-A-Cri State Park,Friendship,,-89.812332,"[(u'Rooms', u'1 of 5 stars'), (u'Location', u'1 of 5 stars'), (u'Sleep Quality', u'1 of 5 stars'), (u'Service', u'1 of 5 stars'), (u'Value', u'1 of 5 stars'), (u'Cleanliness', u'1 of 5 stars')]",WI,,4.0,44.000935,"[(u'Excellent', u'3'), (u'Very good', u'3'), (u'Average', u'0'), (u'Poor', u'0'), (u'Terrible', u'1')]",
http://www.tripadvisor.com/Hotel_Review-g59727-d1629141-Reviews-Lake_Mason_Campground-Briggsville_Wisconsin.html,1,,53920,4035 1st Ln,Lake Mason Campground,Briggsville,,-89.619949,,WI,,5.0,43.666363,,Lake Mason Campground Hotel Briggsville
http://www.tripadvisor.com/Hotel_Review-g38556-d1639222-Reviews-Grove_House-Baldwin_City_Kansas.html,9,,66006,807 Grove St,Grove House,Baldwin City,,-95.189377,,KS,,,38.775970,,
http://www.tripadvisor.com/Hotel_Review-g46122-d567321-Reviews-Squam_Lake_Inn-Holderness_New_Hampshire.html,9,$$,03245,28 Shepard Hill Road,Squam Lake Inn,Holderness,,-71.581940,"[(u'Location', u'4.5 of 5 stars'), (u'Sleep Quality', u'4.5 of 5 stars'), (u'Rooms', u'4.5 of 5 stars'), (u'Service', u'5 of 5 stars'), (u'Value', u'4.5 of 5 stars'), (u'Cleanliness', u'5 of 5 stars')]",NH,"Free Parking,Free Internet,Restaurant,Free Breakfast,Bar/Lounge",4.5,43.730278,"[(u'Excellent', u'112'), (u'Very good', u'16'), (u'Average', u'5'), (u'Poor', u'1'), (u'Terrible', u'2')]",Squam Lake Hotel Holderness
http://www.tripadvisor.com/Hotel_Review-g44710-d6936799-Reviews-Holiday_Inn_Express_Suites_Nevada-Nevada_Missouri.html,68,$,64772,311 S. Johnson Dr,Holiday Inn Express & Suites Nevada,Nevada,,-94.324242,"[(u'Location', u'5 of 5 stars'), (u'Sleep Quality', u'3.5 of 5 stars'), (u'Rooms', u'4.5 of 5 stars'), (u'Service', u'4.5 of 5 stars'), (u'Value', u'5 of 5 stars'), (u'Cleanliness', u'5 of 5 stars')]",MO,"Pool,Free High Speed Internet ( WiFi ),Fitness Center with Gym / Workout Room",4.0,37.833878,"[(u'Excellent', u'11'), (u'Very good', u'2'), (u'Average', u'0'), (u'Poor', u'1'), (u'Terrible', u'2')]",
http://www.tripadvisor.com/Hotel_Review-g46378-d7113839-Reviews-Crystal_Springs_Wilderness_Lodges_RV_Resort-Cream_Ridge_New_Jersey.html,57,$,08514,724 Monmouth Road,Crystal Springs Wilderness Lodges & RV Resort,Cream Ridge,,-74.477264,"[(u'Location', u'5 of 5 stars'), (u'Rooms', u'5 of 5 stars'), (u'Service', u'5 of 5 stars'), (u'Value', u'5 of 5 stars'), (u'Cleanliness', u'5 of 5 stars')]",NJ,"Free Parking,Free High Speed Internet ( WiFi )",5.0,40.123451,"[(u'Excellent', u'2'), (u'Very good', u'0'), (u'Average', u'0'), (u'Poor', u'0'), (u'Terrible', u'0')]",
http://www.tripadvisor.com/Hotel_Review-g60933-d121635-Reviews-Crossroads_Motel-Albuquerque_New_Mexico.html,29,$,87106,1001 Central N.E.,Crossroads Motel,Albuquerque,,-106.635651,"[(u'Location', u'3.5 of 5 stars'), (u'Sleep Quality', u'2.5 of 5 stars'), (u'Rooms', u'2.5 of 5 stars'), (u'Service', u'2.5 of 5 stars'), (u'Value', u'2.5 of 5 stars'), (u'Cleanliness', u'2.5 of 5 stars')]",NM,"Free Parking,Pool,Free Internet",2.0,35.082962,"[(u'Excellent', u'0'), (u'Very good', u'3'), (u'Average', u'1'), (u'Poor', u'2'), (u'Terrible', u'7')]","Crossroads Hotel Albuquerque,Crossroad Motel"
http://www.tripadvisor.com/Hotel_Review-g46132-d1206229-Reviews-Colony_House_Bed_Breakfast-Keene_New_Hampshire.html,5,$$,03431,104 West Street,Colony House Bed & Breakfast,Keene,,-72.282272,"[(u'Location', u'5 of 5 stars'), (u'Sleep Quality', u'4.5 of 5 stars'), (u'Rooms', u'5 of 5 stars'), (u'Service', u'5 of 5 stars'), (u'Value', u'4.5 of 5 stars'), (u'Cleanliness', u'5 of 5 stars')]",NH,"Free Parking,Free High Speed Internet ( WiFi ),Free Breakfast",5.0,42.932819,"[(u'Excellent', u'25'), (u'Very good', u'4'), (u'Average', u'0'), (u'Poor', u'0'), (u'Terrible', u'0')]",
http://www.tripadvisor.com/Hotel_Review-g35488-d3308063-Reviews-A_One_Step_Away_Bed_Breakfast-Idaho_City_Idaho.html,4,,,112 Cottonwood St,A One Step Away Bed & Breakfast,Idaho City,,-115.835655,"[(u'Location', u'4 of 5 stars'), (u'Sleep Quality', u'3 of 5 stars'), (u'Rooms', u'3 of 5 stars'), (u'Service', u'3 of 5 stars'), (u'Value', u'3 of 5 stars'), (u'Cleanliness', u'3 of 5 stars')]",ID,,3.0,43.826588,"[(u'Excellent', u'1'), (u'Very good', u'0'), (u'Average', u'0'), (u'Poor', u'0'), (u'Terrible', u'1')]",
http://www.tripadvisor.com/Hotel_Review-g60607-d1467703-Reviews-Halana_Lodge-Volcano_Island_of_Hawaii_Hawaii.html,7,$$,96785,19-4789 Amaumau Road,Halana Lodge,Volcano,,-155.267410,"[(u'Sleep Quality', u'4 of 5 stars'), (u'Location', u'3.5 of 5 stars'), (u'Rooms', u'3.5 of 5 stars'), (u'Service', u'4 of 5 stars'), (u'Value', u'4 of 5 stars'), (u'Cleanliness', u'4 of 5 stars')]",HI,"Free Breakfast,Free High Speed Internet ( WiFi )",4.0,19.479408,"[(u'Excellent', u'7'), (u'Very good', u'6'), (u'Average', u'6'), (u'Poor', u'2'), (u'Terrible', u'0')]","Halana Lodge Volcano, Hawaii"
http://www.tripadvisor.com/Hotel_Review-g58159-d225898-Reviews-Microtel_Inn_Suites_by_Wyndham_Richmond_Airport-Sandston_Virginia.html,100,$,23150,6000 Audubon Drive,Microtel Inn & Suites by Wyndham Richmond Airport,Sandston,,-77.326004,"[(u'Location', u'4 of 5 stars'), (u'Sleep Quality', u'3 of 5 stars'), (u'Rooms', u'3 of 5 stars'), (u'Service', u'3.5 of 5 stars'), (u'Value', u'3 of 5 stars'), (u'Cleanliness', u'3 of 5 stars')]",VA,"Free Parking,Free Breakfast,Fitness Center with Gym / Workout Room",3.0,37.524982,"[(u'Excellent', u'38'), (u'Very good', u'51'), (u'Average', u'73'), (u'Poor', u'57'), (u'Terrible', u'52')]","Microtel Inn And Suites Richmond Airport,Microtel Inn & Suites Richmond Airport Hotel Sandston,Microtel Sandston,Microtel Richmond Airport,Sandston Microtel"
http://www.tripadvisor.com/Hotel_Review-g58696-d1719741-Reviews-The_Suites_at_Crescent_Bay_Resort-Quincy_Washington.html,14,,98848,23772 Crescent Bay Drive NW,The Suites at Crescent Bay Resort,Quincy,,-120.000511,"[(u'Location', u'4.5 of 5 stars'), (u'Sleep Quality', u'4.5 of 5 stars'), (u'Rooms', u'5 of 5 stars'), (u'Service', u'3 of 5 stars'), (u'Value', u'4 of 5 stars'), (u'Cleanliness', u'4 of 5 stars')]",WA,,3.5,47.223846,"[(u'Excellent', u'5'), (u'Very good', u'3'), (u'Average', u'1'), (u'Poor', u'2'), (u'Terrible', u'2')]",
http://www.tripadvisor.com/Hotel_Review-g57436-d110372-Reviews-Southface_Deluxe_Townhomes-Warren_Vermont.html,6,$$,05674,Sugarbush Access Road,Southface Deluxe Townhomes,Warren,,-72.871048,,VT,,,44.141979,,
http://www.tripadvisor.com/Hotel_Review-g59883-d2392449-Reviews-Maxsells_Bed_Breakfast-Florence_Wisconsin.html,4,,54121,209 Central Ave (USH 2),Maxsells Bed & Breakfast,Florence,,-88.244987,"[(u'Location', u'4.5 of 5 stars'), (u'Sleep Quality', u'4.5 of 5 stars'), (u'Rooms', u'4.5 of 5 stars'), (u'Service', u'5 of 5 stars'), (u'Value', u'4.5 of 5 stars'), (u'Cleanliness', u'4.5 of 5 stars')]",WI,"Beach,Room Service,Free Internet,Free Parking,Restaurant,Bar/Lounge,Free Breakfast,Fitness Center with Gym / Workout Room",4.5,45.922291,"[(u'Excellent', u'2'), (u'Very good', u'1'), (u'Average', u'0'), (u'Poor', u'0'), (u'Terrible', u'0')]",
http://www.tripadvisor.com/Hotel_Review-g28949-d650516-Reviews-Wild_Horse_Safaris-Nevada.html,3,$,89000,Ike's Canyon,Wild Horse Safaris,,,-116.726471,"[(u'Location', u'5 of 5 stars'), (u'Sleep Quality', u'5 of 5 stars'), (u'Rooms', u'5 of 5 stars'), (u'Service', u'5 of 5 stars'), (u'Value', u'5 of 5 stars'), (u'Cleanliness', u'5 of 5 stars')]",NV,,5.0,39.048264,"[(u'Excellent', u'31'), (u'Very good', u'0'), (u'Average', u'0'), (u'Poor', u'0'), (u'Terrible', u'0')]",
http://www.tripadvisor.com/Hotel_Review-g29750-d98533-Reviews-Trump_Taj_Mahal-Atlantic_City_New_Jersey.html,1250,$,08401,1000 Boardwalk at Virginia Ave,Trump Taj Mahal,Atlantic City,,-74.422012,"[(u'Location', u'4 of 5 stars'), (u'Sleep Quality', u'4 of 5 stars'), (u'Rooms', u'4 of 5 stars'), (u'Service', u'3.5 of 5 stars'), (u'Value', u'3.5 of 5 stars'), (u'Cleanliness', u'4 of 5 stars')]",NJ,"Pool,Room Service,Restaurant,Fitness Center with Gym / Workout Room,Bar/Lounge,Spa",3.5,39.361332,"[(u'Excellent', u'461'), (u'Very good', u'694'), (u'Average', u'458'), (u'Poor', u'246'), (u'Terrible', u'206')]","Trump Taj Mahal Hotel Atlantic City,Trump Taj Mahal Atlantic City,Taj Mahal Atlantic City,Trump Ac"
http://www.tripadvisor.com/Hotel_Review-g29092-d78944-Reviews-Ramada_Anaheim_Maingate_At_the_Park-Anaheim_California.html,186,$$,92802,1650 S Harbor Blvd,Ramada Anaheim Maingate/At the Park,Anaheim,,-117.913185,"[(u'Location', u'4.5 of 5 stars'), (u'Sleep Quality', u'3.5 of 5 stars'), (u'Rooms', u'3.5 of 5 stars'), (u'Service', u'4 of 5 stars'), (u'Value', u'4 of 5 stars'), (u'Cleanliness', u'4 of 5 stars')]",CA,"Pool,Free Breakfast,Free High Speed Internet ( WiFi ),Restaurant",3.5,33.807800,"[(u'Excellent', u'759'), (u'Very good', u'956'), (u'Average', u'670'), (u'Poor', u'297'), (u'Terrible', u'168')]","Ramada Maingate - At The Park Hotel Anaheim,Ramada Inn Anaheim,Disneyland Park Anaheim,Ramada Anaheim,Ramada Inn Maingate Disneyland"
http://www.tripadvisor.com/Hotel_Review-g34515-d112092-Reviews-Hyatt_Regency_Orlando-Orlando_Florida.html,1639,$$,32803,9801 International Drive,Hyatt Regency Orlando,Orlando,,-81.468781,"[(u'Location', u'4.5 of 5 stars'), (u'Sleep Quality', u'4.5 of 5 stars'), (u'Rooms', u'4.5 of 5 stars'), (u'Service', u'4.5 of 5 stars'), (u'Value', u'4 of 5 stars'), (u'Cleanliness', u'4.5 of 5 stars')]",FL,"Pool,Room Service,Fitness Center with Gym / Workout Room,Restaurant,Free High Speed Internet ( WiFi ),Bar/Lounge,Spa",4.5,28.427679,"[(u'Excellent', u'1,667'), (u'Very good', u'805'), (u'Average', u'263'), (u'Poor', u'109'), (u'Terrible', u'68')]","The Peabody Orlando Hotel Orlando,The Peabody Hotel Orlando,Peabody Orlando,Peabody Hotel Orlando Fl"
http://www.tripadvisor.com/Hotel_Review-g36344-d236759-Reviews-Super_8_Mchenry-McHenry_Illinois.html,55,$,60050,110 State Rte 31 South,Super 8 Mchenry,McHenry,,-88.273750,"[(u'Location', u'4 of 5 stars'), (u'Sleep Quality', u'3.5 of 5 stars'), (u'Rooms', u'2.5 of 5 stars'), (u'Service', u'3 of 5 stars'), (u'Value', u'3 of 5 stars'), (u'Cleanliness', u'3 of 5 stars')]",IL,"Free Breakfast,Free Parking,Free High Speed Internet ( WiFi )",3.0,42.327911,"[(u'Excellent', u'5'), (u'Very good', u'10'), (u'Average', u'9'), (u'Poor', u'4'), (u'Terrible', u'9')]","Super Eight Mchenry,Mchenry Super Eight,Mchenry Super 8"
http://www.tripadvisor.com/Hotel_Review-g54359-d224300-Reviews-Hampton_Inn_Suites_Myrtle_Beach_Oceanfront-Myrtle_Beach_South_Carolina.html,227,$$,29577,1801 South Ocean Boulevard,Hampton Inn & Suites Myrtle Beach/Oceanfront,Myrtle Beach,,-78.902878,"[(u'Location', u'4.5 of 5 stars'), (u'Sleep Quality', u'4.5 of 5 stars'), (u'Rooms', u'4.5 of 5 stars'), (u'Service', u'4.5 of 5 stars'), (u'Value', u'4.5 of 5 stars'), (u'Cleanliness', u'4.5 of 5 stars')]",SC,"Pool,Free Parking,Fitness Center with Gym / Workout Room,Beach,Free High Speed Internet ( WiFi ),Free Breakfast,Spa",4.5,33.671497,"[(u'Excellent', u'1,302'), (u'Very good', u'406'), (u'Average', u'103'), (u'Poor', u'35'), (u'Terrible', u'19')]","Hampton Inn And Suites Myrtle Beach / Oceanfront,Hampton Inn & Suites Myrtle Beach / Oceanfront Hotel Myrtle Beach,Hampton Inn Myrtle Beach Sc,Myrtle Beach Hampton Inn"
http://www.tripadvisor.com/Hotel_Review-g44329-d1116399-Reviews-C_H_Motel-El_Dorado_Springs_Missouri.html,22,$,64744,311 E US Highway 54,C&H Motel,El Dorado Springs,,-94.019104,"[(u'Location', u'4.5 of 5 stars'), (u'Sleep Quality', u'3.5 of 5 stars'), (u'Rooms', u'3 of 5 stars'), (u'Service', u'4 of 5 stars'), (u'Value', u'4 of 5 stars'), (u'Cleanliness', u'3.5 of 5 stars')]",MO,Free High Speed Internet ( WiFi ),3.0,37.863022,"[(u'Excellent', u'2'), (u'Very good', u'3'), (u'Average', u'3'), (u'Poor', u'1'), (u'Terrible', u'2')]",
http://www.tripadvisor.com/Hotel_Review-g39412-d122129-Reviews-Wildwood_Inn-Florence_Kentucky.html,112,$,41042,7809 US 42,Wildwood Inn,Florence,,-84.636444,"[(u'Location', u'3.5 of 5 stars'), (u'Sleep Quality', u'2.5 of 5 stars'), (u'Rooms', u'2.5 of 5 stars'), (u'Service', u'2.5 of 5 stars'), (u'Value', u'2.5 of 5 stars'), (u'Cleanliness', u'2.5 of 5 stars')]",KY,"Pool,Free Parking,Free Breakfast,Free High Speed Internet ( WiFi )",2.5,38.990036,"[(u'Excellent', u'3'), (u'Very good', u'3'), (u'Average', u'5'), (u'Poor', u'1'), (u'Terrible', u'11')]","Wildwood Inn Tropical Dome Hotel Florence,Wildwood Hotel Tropical Dome,Florence Inn Ky Wildwood,Wildwood Inn Florence Kentucky,Inn Ky Wildwood,Inn Kentucky Wildwood"
http://www.tripadvisor.com/Hotel_Review-g60933-d4859637-Reviews-Hampton_Inn_Suites_Albuquerque_North_I_25-Albuquerque_New_Mexico.html,,$$,87109,4412 The 25 Way,Hampton Inn & Suites Albuquerque North/I-25,Albuquerque,,-106.592987,"[(u'Location', u'4.5 of 5 stars'), (u'Sleep Quality', u'4.5 of 5 stars'), (u'Rooms', u'4.5 of 5 stars'), (u'Service', u'4.5 of 5 stars'), (u'Value', u'4.5 of 5 stars'), (u'Cleanliness', u'5 of 5 stars')]",NM,"Pool,Free Parking,Fitness Center with Gym / Workout Room,Free High Speed Internet ( WiFi ),Free Breakfast",4.5,35.144321,"[(u'Excellent', u'188'), (u'Very good', u'54'), (u'Average', u'11'), (u'Poor', u'3'), (u'Terrible', u'1')]",
http://www.tripadvisor.com/Hotel_Review-g58759-d252503-Reviews-The_Historic_Davenport_Autograph_Collection-Spokane_Washington.html,284,$$$,99201,10 South Post Street,"The Historic Davenport, Autograph Collection",Spokane,,-117.424324,"[(u'Location', u'4.5 of 5 stars'), (u'Sleep Quality', u'4.5 of 5 stars'), (u'Rooms', u'4.5 of 5 stars'), (u'Service', u'4.5 of 5 stars'), (u'Value', u'4.5 of 5 stars'), (u'Cleanliness', u'5 of 5 stars')]",WA,"Pool,Room Service,Restaurant,Fitness Center with Gym / Workout Room,Spa,Free High Speed Internet ( WiFi ),Bar/Lounge",4.5,47.656834,"[(u'Excellent', u'965'), (u'Very good', u'263'), (u'Average', u'87'), (u'Poor', u'32'), (u'Terrible', u'27')]","The Davenport Hotel And Tower,Davenport Hotel Spokane"
http://www.tripadvisor.com/Hotel_Review-g46122-d115914-Reviews-The_Manor_on_Golden_Pond-Holderness_New_Hampshire.html,24,$$$,03245,Rte 3,The Manor on Golden Pond,Holderness,,-71.579437,"[(u'Location', u'4.5 of 5 stars'), (u'Sleep Quality', u'4.5 of 5 stars'), (u'Rooms', u'4 of 5 stars'), (u'Service', u'4.5 of 5 stars'), (u'Value', u'3.5 of 5 stars'), (u'Cleanliness', u'4.5 of 5 stars')]",NH,"Pool,Restaurant,Free Parking,Free Internet,Room Service,Bar/Lounge,Spa",4.0,43.730419,"[(u'Excellent', u'98'), (u'Very good', u'29'), (u'Average', u'20'), (u'Poor', u'17'), (u'Terrible', u'14')]",The Manor On Golden Pond Hotel Holderness
http://www.tripadvisor.com/Hotel_Review-g34515-d596339-Reviews-Lake_Buena_Vista_Resort_Village_Spa-Orlando_Florida.html,498,$$,32821,8113 Resort Village Drive,Lake Buena Vista Resort Village & Spa,Orlando,,-81.487419,"[(u'Location', u'4.5 of 5 stars'), (u'Sleep Quality', u'4 of 5 stars'), (u'Rooms', u'4.5 of 5 stars'), (u'Service', u'4 of 5 stars'), (u'Value', u'4.5 of 5 stars'), (u'Cleanliness', u'4 of 5 stars')]",FL,"Pool,Free Parking,Restaurant,Fitness Center with Gym / Workout Room,Bar/Lounge,Spa,Free High Speed Internet ( WiFi )",4.5,28.351965,"[(u'Excellent', u'2,352'), (u'Very good', u'1,210'), (u'Average', u'460'), (u'Poor', u'179'), (u'Terrible', u'119')]","Lake Buena Vista Resort Village Hotel Orlando,Lake Buena Vista Resort Spa,Lake Buena Vista Resort Village And Spa,Lake Buena Vista Village"
http://www.tripadvisor.com/Hotel_Review-g60970-d647831-Reviews-Comfort_Suites_Murfreesboro-Murfreesboro_Tennessee.html,20,$,37129,226 North Thompson Lane,Comfort Suites Murfreesboro,Murfreesboro,,-86.430115,"[(u'Location', u'4.5 of 5 stars'), (u'Sleep Quality', u'4.5 of 5 stars'), (u'Rooms', u'4.5 of 5 stars'), (u'Service', u'4 of 5 stars'), (u'Value', u'4 of 5 stars'), (u'Cleanliness', u'4 of 5 stars')]",TN,"Pool,Fitness Center with Gym / Workout Room,Free Parking,Free High Speed Internet ( WiFi ),Free Breakfast",4.0,35.851757,"[(u'Excellent', u'56'), (u'Very good', u'36'), (u'Average', u'19'), (u'Poor', u'14'), (u'Terrible', u'5')]","Comfort Suites Murfreesboro Hotel Murfreesboro,Murfreesboro Comfort Suites"
http://www.tripadvisor.com/Hotel_Review-g60933-d92749-Reviews-Hyatt_Regency_Albuquerque-Albuquerque_New_Mexico.html,395,$$,87102,330 Tijeras NW,Hyatt Regency Albuquerque,Albuquerque,,-106.650818,"[(u'Location', u'4 of 5 stars'), (u'Sleep Quality', u'4 of 5 stars'), (u'Rooms', u'4 of 5 stars'), (u'Service', u'4 of 5 stars'), (u'Value', u'3.5 of 5 stars'), (u'Cleanliness', u'4 of 5 stars')]",NM,"Restaurant,Fitness Center with Gym / Workout Room,Pool,Room Service,Bar/Lounge,Free High Speed Internet ( WiFi )",4.0,35.086029,"[(u'Excellent', u'227'), (u'Very good', u'220'), (u'Average', u'103'), (u'Poor', u'80'), (u'Terrible', u'40')]","Hyatt Regency Albuquerque Hotel Albuquerque,Albuquerque Hyatt Regency,Hyatt Albuquerque"
http://www.tripadvisor.com/Hotel_Review-g46015-d4766282-Reviews-Candlewood_Suites_Winnemucca-Winnemucca_Nevada.html,,$$,89445,460 E. Winnemucca Boulevard,Candlewood Suites Winnemucca,Winnemucca,,-117.729500,"[(u'Sleep Quality', u'5 of 5 stars'), (u'Location', u'4.5 of 5 stars'), (u'Rooms', u'4.5 of 5 stars'), (u'Service', u'4.5 of 5 stars'), (u'Value', u'4.5 of 5 stars'), (u'Cleanliness', u'5 of 5 stars')]",NV,"Free High Speed Internet ( WiFi ),Fitness Center with Gym / Workout Room,Free Parking",4.5,40.977245,"[(u'Excellent', u'42'), (u'Very good', u'15'), (u'Average', u'6'), (u'Poor', u'0'), (u'Terrible', u'0')]",
http://www.tripadvisor.com/Hotel_Review-g29092-d84724-Reviews-Baymont_Inn_Suites_Anaheim-Anaheim_California.html,94,$,92804,727 South Beach Boulevard,Baymont Inn & Suites Anaheim,Anaheim,,-117.994019,"[(u'Sleep Quality', u'4 of 5 stars'), (u'Location', u'3.5 of 5 stars'), (u'Rooms', u'3.5 of 5 stars'), (u'Service', u'4 of 5 stars'), (u'Value', u'4 of 5 stars'), (u'Cleanliness', u'3.5 of 5 stars')]",CA,"Free Parking,Pool,Free Breakfast,Fitness Center with Gym / Workout Room,Free High Speed Internet ( WiFi )",3.5,33.821342,"[(u'Excellent', u'67'), (u'Very good', u'104'), (u'Average', u'70'), (u'Poor', u'29'), (u'Terrible', u'23')]","Baymont Inn & Suites Anaheim Hotel Anaheim,Baymont Inn And Suites Anaheim,Holiday Inn Express Anaheim,Holiday Inn Anaheim,Anaheim Holiday Inn"
http://www.tripadvisor.com/Hotel_Review-g34515-d80178-Reviews-Avanti_International_Resort-Orlando_Florida.html,652,$,32819,8738 International Drive,Avanti International Resort,Orlando,,-81.473076,"[(u'Location', u'4.5 of 5 stars'), (u'Sleep Quality', u'4 of 5 stars'), (u'Rooms', u'4 of 5 stars'), (u'Service', u'4.5 of 5 stars'), (u'Value', u'4.5 of 5 stars'), (u'Cleanliness', u'4 of 5 stars')]",FL,"Pool,Free Parking,Fitness Center with Gym / Workout Room,Bar/Lounge,Restaurant,Free High Speed Internet ( WiFi )",4.0,28.439571,"[(u'Excellent', u'1,123'), (u'Very good', u'790'), (u'Average', u'307'), (u'Poor', u'63'), (u'Terrible', u'55')]","Econo Lodge Inn And Suites International Drive,Econo Lodge Inn & Suites International Drive Hotel Orlando,Econolodge Hotel Orlando,Best Western International Drive,Best Western Plaza International Drive,Econo Lodge Orlando,Best Western Plaza Orlando,Orlando Econo Lodge,Best Western Plaza International Orlando"
http://www.tripadvisor.com/Hotel_Review-g34515-d85979-Reviews-Buena_Vista_Hotel_Spa-Orlando_Florida.html,1014,$$,32830,1900 E Buena Vista Drive,Buena Vista Hotel & Spa,Orlando,,-81.514259,"[(u'Location', u'4.5 of 5 stars'), (u'Sleep Quality', u'4 of 5 stars'), (u'Rooms', u'4 of 5 stars'), (u'Service', u'4 of 5 stars'), (u'Value', u'4 of 5 stars'), (u'Cleanliness', u'4 of 5 stars')]",FL,"Pool,Restaurant,Fitness Center with Gym / Workout Room,Room Service,Free Parking,Bar/Lounge,Spa,Free High Speed Internet ( WiFi )",3.5,28.376762,"[(u'Excellent', u'1,199'), (u'Very good', u'1,044'), (u'Average', u'604'), (u'Poor', u'337'), (u'Terrible', u'275')]","Buena Vista Palace Hotel And Spa,Buena Vista Palace Orlando,Lake Buena Vista Palace,Buena Vista Palace Hotel & Spa"
http://www.tripadvisor.com/Hotel_Review-g58318-d459895-Reviews-Holiday_Inn_Express_Hotel_Suites_Winchester-Winchester_Virginia.html,81,$$,22601,142 Fox Ridge Lane,Holiday Inn Express Hotel & Suites Winchester,Winchester,,-78.180672,"[(u'Location', u'4 of 5 stars'), (u'Sleep Quality', u'4 of 5 stars'), (u'Rooms', u'4.5 of 5 stars'), (u'Service', u'4.5 of 5 stars'), (u'Value', u'4.5 of 5 stars'), (u'Cleanliness', u'4.5 of 5 stars')]",VA,"Pool,Free Parking,Fitness Center with Gym / Workout Room,Free Internet,Restaurant,Free Breakfast",4.0,39.209373,"[(u'Excellent', u'90'), (u'Very good', u'47'), (u'Average', u'25'), (u'Poor', u'8'), (u'Terrible', u'3')]","Holiday Inn Express Hotel And Suites Winchester,Holiday Inn Express Winchester,Holiday Inn Winchester,Winchester Holiday Inn"
http://www.tripadvisor.com/Hotel_Review-g35860-d87718-Reviews-Super_8_Crystal_Lake-Crystal_Lake_Illinois.html,60,$,60014-8005,577 Crystal Point Drive,Super 8 Crystal Lake,Crystal Lake,,-88.311707,"[(u'Location', u'4.5 of 5 stars'), (u'Sleep Quality', u'3.5 of 5 stars'), (u'Rooms', u'3 of 5 stars'), (u'Service', u'4 of 5 stars'), (u'Value', u'3.5 of 5 stars'), (u'Cleanliness', u'3.5 of 5 stars')]",IL,"Free Parking,Free Internet,Free Breakfast",3.5,42.225018,"[(u'Excellent', u'18'), (u'Very good', u'14'), (u'Average', u'22'), (u'Poor', u'14'), (u'Terrible', u'8')]","Super Eight Crystal Lake,Crystal Lake Super Eight,Crystal Lake Super 8"
http://www.tripadvisor.com/Hotel_Review-g29750-d98429-Reviews-Tropicana_Casino_and_Resort-Atlantic_City_New_Jersey.html,2129,$$,08401,S. Brighton Avenue and the Boardwalk,Tropicana Casino and Resort,Atlantic City,,-74.445206,"[(u'Location', u'4 of 5 stars'), (u'Sleep Quality', u'3.5 of 5 stars'), (u'Rooms', u'3.5 of 5 stars'), (u'Service', u'3.5 of 5 stars'), (u'Value', u'3.5 of 5 stars'), (u'Cleanliness', u'3.5 of 5 stars')]",NJ,"Pool,Fitness Center with Gym / Workout Room,Room Service,Restaurant,Beach,Bar/Lounge,Free High Speed Internet ( WiFi ),Spa",3.5,39.352421,"[(u'Excellent', u'862'), (u'Very good', u'1,229'), (u'Average', u'679'), (u'Poor', u'517'), (u'Terrible', u'518')]","Tropicana Hotel Atlantic City,Resort Atlantic City,Tropicana Resort Atlantic City,Tropicana Atlantic City,Atlantic City Tropicana"
http://www.tripadvisor.com/Hotel_Review-g54359-d97275-Reviews-Caravelle_Resort-Myrtle_Beach_South_Carolina.html,574,$$,29572,6900 N Ocean Blvd,Caravelle Resort,Myrtle Beach,,-78.820930,"[(u'Location', u'4.5 of 5 stars'), (u'Sleep Quality', u'4 of 5 stars'), (u'Rooms', u'4 of 5 stars'), (u'Service', u'4 of 5 stars'), (u'Value', u'4 of 5 stars'), (u'Cleanliness', u'4 of 5 stars')]",SC,"Pool,Free Parking,Restaurant,Fitness Center with Gym / Workout Room,Beach,Bar/Lounge,Free High Speed Internet ( WiFi )",4.0,33.738865,"[(u'Excellent', u'666'), (u'Very good', u'505'), (u'Average', u'213'), (u'Poor', u'177'), (u'Terrible', u'153')]","Myrtle Beach Caravelle Resort,Caravelle Resort Myrtle Beach Sc,Caravelle Hotel Myrtle Beach Sc,The Caravelle Golf Family Resort"
http://www.tripadvisor.com/Hotel_Review-g47922-d125925-Reviews-Inn_At_Arbor_Ridge-Hopewell_Junction_New_York.html,63,$$,12533,17 Route 376 & Route 52,Inn At Arbor Ridge,Hopewell Junction,,-73.796883,"[(u'Location', u'3.5 of 5 stars'), (u'Sleep Quality', u'2.5 of 5 stars'), (u'Rooms', u'3 of 5 stars'), (u'Service', u'3 of 5 stars'), (u'Value', u'3 of 5 stars'), (u'Cleanliness', u'3 of 5 stars')]",NY,"Free Parking,Free Internet",2.5,41.554169,"[(u'Excellent', u'9'), (u'Very good', u'5'), (u'Average', u'6'), (u'Poor', u'7'), (u'Terrible', u'21')]",Inn At Arbor Ridge Hotel Hopewell Junction
http://www.tripadvisor.com/Hotel_Review-g60933-d506435-Reviews-La_Quinta_Inn_Suites_Albuquerque_Midtown-Albuquerque_New_Mexico.html,72,$$,87107,2011 Menaul Blvd Northeast,La Quinta Inn & Suites Albuquerque Midtown,Albuquerque,,-106.621651,"[(u'Location', u'4.5 of 5 stars'), (u'Sleep Quality', u'4.5 of 5 stars'), (u'Rooms', u'4.5 of 5 stars'), (u'Service', u'4.5 of 5 stars'), (u'Value', u'4.5 of 5 stars'), (u'Cleanliness', u'4.5 of 5 stars')]",NM,"Pool,Free Parking,Fitness Center with Gym / Workout Room,Free Breakfast,Free High Speed Internet ( WiFi )",4.5,35.110786,"[(u'Excellent', u'347'), (u'Very good', u'122'), (u'Average', u'27'), (u'Poor', u'10'), (u'Terrible', u'13')]","La Quinta Inn & Suites Albuquerque-Midtown Hotel Albuquerque,La Quinta Inn And Suites Albuquerque-Midtown,La Quinta Albuquerque,Albuquerque La Quinta"
http://www.tripadvisor.com/Hotel_Review-g60933-d98703-Reviews-DoubleTree_by_Hilton_Albuquerque-Albuquerque_New_Mexico.html,295,$,87102-2248,201 Marquette Northwest,DoubleTree by Hilton Albuquerque,Albuquerque,,-106.649231,"[(u'Location', u'4.5 of 5 stars'), (u'Sleep Quality', u'4 of 5 stars'), (u'Rooms', u'4 of 5 stars'), (u'Service', u'4 of 5 stars'), (u'Value', u'4 of 5 stars'), (u'Cleanliness', u'4.5 of 5 stars')]",NM,"Restaurant,Room Service,Pool,Bar/Lounge,Fitness Center with Gym / Workout Room,Free High Speed Internet ( WiFi )",4.0,35.088463,"[(u'Excellent', u'365'), (u'Very good', u'263'), (u'Average', u'154'), (u'Poor', u'79'), (u'Terrible', u'39')]","Doubletree By Hilton Albuquerque Hotel Albuquerque,Doubletree Albuquerque,Albuquerque Doubletree"
http://www.tripadvisor.com/Hotel_Review-g46015-d92132-Reviews-Winnemucca_Inn-Winnemucca_Nevada.html,105,$$,89445,741 West Winnemucca Blvd,Winnemucca Inn,Winnemucca,,-117.741280,"[(u'Location', u'4 of 5 stars'), (u'Sleep Quality', u'4 of 5 stars'), (u'Rooms', u'4 of 5 stars'), (u'Service', u'4 of 5 stars'), (u'Value', u'4 of 5 stars'), (u'Cleanliness', u'4.5 of 5 stars')]",NV,"Pool,Restaurant,Free Parking,Free High Speed Internet ( WiFi ),Fitness Center with Gym / Workout Room",4.0,40.967915,"[(u'Excellent', u'36'), (u'Very good', u'66'), (u'Average', u'25'), (u'Poor', u'4'), (u'Terrible', u'4')]","Winnemucca Hotel Winnemucca,Red Lion Winnemucca,Winnemucca Red Lion"
http://www.tripadvisor.com/Hotel_Review-g34515-d618412-Reviews-Blue_Heron_Beach_Resort-Orlando_Florida.html,280,$$,32821,13428 Blue Heron Beach Drive,Blue Heron Beach Resort,Orlando,,-81.501450,"[(u'Location', u'4.5 of 5 stars'), (u'Sleep Quality', u'4 of 5 stars'), (u'Rooms', u'4.5 of 5 stars'), (u'Service', u'4 of 5 stars'), (u'Value', u'4.5 of 5 stars'), (u'Cleanliness', u'4 of 5 stars')]",FL,"Pool,Fitness Center with Gym / Workout Room,Free Parking,Free Internet",4.5,28.368629,"[(u'Excellent', u'777'), (u'Very good', u'481'), (u'Average', u'127'), (u'Poor', u'53'), (u'Terrible', u'42')]",Blue Heron Beach Hotel Orlando
http://www.tripadvisor.com/Hotel_Review-g58759-d225255-Reviews-Quality_Inn_Downtown_4th_Avenue-Spokane_Washington.html,134,$,99202,110 East Fourth Avenue,Quality Inn Downtown 4th Avenue,Spokane,,-117.409615,"[(u'Location', u'4 of 5 stars'), (u'Sleep Quality', u'4 of 5 stars'), (u'Rooms', u'4 of 5 stars'), (u'Service', u'4.5 of 5 stars'), (u'Value', u'4 of 5 stars'), (u'Cleanliness', u'4.5 of 5 stars')]",WA,"Pool,Fitness Center with Gym / Workout Room,Restaurant,Free High Speed Internet ( WiFi ),Free Breakfast,Bar/Lounge",4.0,47.652088,"[(u'Excellent', u'116'), (u'Very good', u'110'), (u'Average', u'52'), (u'Poor', u'14'), (u'Terrible', u'20')]","Quality Inn Downtown 4th Avenue Hotel Spokane,Quality Inn Spokane,Spokane Quality Inn"
http://www.tripadvisor.com/Hotel_Review-g60970-d1772246-Reviews-Candlewood_Suites_Murfreesboro-Murfreesboro_Tennessee.html,9,$$,37129,850 N Thompson Lane,Candlewood Suites Murfreesboro,Murfreesboro,,-86.428658,"[(u'Location', u'4.5 of 5 stars'), (u'Sleep Quality', u'4.5 of 5 stars'), (u'Rooms', u'4.5 of 5 stars'), (u'Service', u'4 of 5 stars'), (u'Value', u'4 of 5 stars'), (u'Cleanliness', u'4.5 of 5 stars')]",TN,"Free Parking,Fitness Center with Gym / Workout Room,Restaurant,Free High Speed Internet ( WiFi )",4.0,35.860806,"[(u'Excellent', u'44'), (u'Very good', u'21'), (u'Average', u'5'), (u'Poor', u'6'), (u'Terrible', u'6')]",Candlewood Suites Murfreesboro Hotel Murfreesboro
http://www.tripadvisor.com/Hotel_Review-g32655-d78037-Reviews-Los_Angeles_Airport_Marriott-Los_Angeles_California.html,985,$$,90045,5855 West Century Blvd,Los Angeles Airport Marriott,Los Angeles,,-118.384407,"[(u'Location', u'4.5 of 5 stars'), (u'Sleep Quality', u'4 of 5 stars'), (u'Rooms', u'4 of 5 stars'), (u'Service', u'4 of 5 stars'), (u'Value', u'4 of 5 stars'), (u'Cleanliness', u'4.5 of 5 stars')]",CA,"Pool,Room Service,Restaurant,Fitness Center with Gym / Workout Room,Bar/Lounge,Free Internet",4.0,33.946453,"[(u'Excellent', u'542'), (u'Very good', u'856'), (u'Average', u'287'), (u'Poor', u'110'), (u'Terrible', u'52')]","Los Angeles Airport Marriott Hotel Los Angeles,Los Angeles Marriott,Marriott Los Angeles Airport"
http://www.tripadvisor.com/Hotel_Review-g29092-d249725-Reviews-Extended_Stay_America_Orange_County_Anaheim_Hills-Anaheim_California.html,116,$,92806,1031 North Pacificenter Drive,Extended Stay America - Orange County - Anaheim Hills,Anaheim,,-117.840118,"[(u'Location', u'4 of 5 stars'), (u'Sleep Quality', u'3.5 of 5 stars'), (u'Rooms', u'4 of 5 stars'), (u'Service', u'4 of 5 stars'), (u'Value', u'4 of 5 stars'), (u'Cleanliness', u'4 of 5 stars')]",CA,"Free Parking,Free Breakfast,Free High Speed Internet ( WiFi )",3.5,33.852150,"[(u'Excellent', u'36'), (u'Very good', u'16'), (u'Average', u'13'), (u'Poor', u'7'), (u'Terrible', u'11')]","Extended Stayamerica Orange County - Anaheim Hills Hotel Anaheim,Extended Stay America Anaheim,Extended Stay Anaheim,Anaheim Extended Stay"
http://www.tripadvisor.com/Hotel_Review-g46278-d598222-Reviews-The_Wolfeboro_Inn-Wolfeboro_New_Hampshire.html,44,$$,03894,90 North Main Street,The Wolfeboro Inn,Wolfeboro,,-71.216850,"[(u'Location', u'4.5 of 5 stars'), (u'Sleep Quality', u'4 of 5 stars'), (u'Rooms', u'4 of 5 stars'), (u'Service', u'4 of 5 stars'), (u'Value', u'4 of 5 stars'), (u'Cleanliness', u'4 of 5 stars')]",NH,"Restaurant,Room Service,Free Internet,Free Parking,Beach,Bar/Lounge",4.0,43.584908,"[(u'Excellent', u'97'), (u'Very good', u'74'), (u'Average', u'27'), (u'Poor', u'10'), (u'Terrible', u'20')]","The Wolfeboro Hotel Wolfeboro,The Hotel Wolfeboro"
http://www.tripadvisor.com/Hotel_Review-g34515-d218934-Reviews-International_Palms_Resort_Conference_Center-Orlando_Florida.html,652,$,32819,6515 International Drive,International Palms Resort & Conference Center,Orlando,,-81.470627,"[(u'Location', u'4.5 of 5 stars'), (u'Sleep Quality', u'3.5 of 5 stars'), (u'Rooms', u'3 of 5 stars'), (u'Service', u'3.5 of 5 stars'), (u'Value', u'3.5 of 5 stars'), (u'Cleanliness', u'3.5 of 5 stars')]",FL,"Pool,Free Parking,Restaurant,Room Service,Fitness Center with Gym / Workout Room,Bar/Lounge,Free High Speed Internet ( WiFi ),Spa",3.0,28.458822,"[(u'Excellent', u'446'), (u'Very good', u'732'), (u'Average', u'554'), (u'Poor', u'285'), (u'Terrible', u'385')]","International Palms Resort And Conference Center,International Palms Hotel Orlando,Holiday Inn Orlando,Holiday Inn International Drive Florida,Holiday Inn International Drive Orlando,Orlando Holiday Inn"
http://www.tripadvisor.com/Hotel_Review-g34515-d85333-Reviews-SUNSOL_International_Drive-Orlando_Florida.html,192,$,32819,5859 American Way,SUNSOL International Drive,Orlando,,-81.460205,"[(u'Location', u'4.5 of 5 stars'), (u'Sleep Quality', u'4.5 of 5 stars'), (u'Rooms', u'4 of 5 stars'), (u'Service', u'4 of 5 stars'), (u'Value', u'4 of 5 stars'), (u'Cleanliness', u'4 of 5 stars')]",FL,"Free Parking,Pool,Free High Speed Internet ( WiFi ),Bar/Lounge,Restaurant,Free Breakfast",4.0,28.464918,"[(u'Excellent', u'163'), (u'Very good', u'268'), (u'Average', u'95'), (u'Poor', u'25'), (u'Terrible', u'24')]","Travelodge International Drive,Travelodge Hotel Orlando,Travelodge Orlando,Orlando Travelodge,Orlando Travel Lodge,Travel Lodge Orlando"
http://www.tripadvisor.com/Hotel_Review-g34515-d1746222-Reviews-Allure_Resort_International_Drive_Orlando-Orlando_Florida.html,223,$,32819,8444 International Drive,Allure Resort International Drive Orlando,Orlando,,-81.472450,"[(u'Location', u'4.5 of 5 stars'), (u'Sleep Quality', u'4 of 5 stars'), (u'Rooms', u'4 of 5 stars'), (u'Service', u'3.5 of 5 stars'), (u'Value', u'4 of 5 stars'), (u'Cleanliness', u'4 of 5 stars')]",FL,"Pool,Room Service,Free Parking,Restaurant,Fitness Center with Gym / Workout Room,Free High Speed Internet ( WiFi )",3.5,28.443441,"[(u'Excellent', u'238'), (u'Very good', u'366'), (u'Average', u'194'), (u'Poor', u'127'), (u'Terrible', u'211')]",
http://www.tripadvisor.com/Hotel_Review-g34515-d88214-Reviews-Clarion_Inn_Lake_Buena_Vista-Orlando_Florida.html,640,$,32836,8442 Palm Pkwy,Clarion Inn Lake Buena Vista,Orlando,,-81.498962,"[(u'Location', u'4.5 of 5 stars'), (u'Sleep Quality', u'4 of 5 stars'), (u'Rooms', u'3.5 of 5 stars'), (u'Service', u'3.5 of 5 stars'), (u'Value', u'4 of 5 stars'), (u'Cleanliness', u'3.5 of 5 stars')]",FL,"Restaurant,Pool,Free Parking,Free High Speed Internet ( WiFi ),Bar/Lounge",3.5,28.387335,"[(u'Excellent', u'689'), (u'Very good', u'1,486'), (u'Average', u'718'), (u'Poor', u'250'), (u'Terrible', u'226')]","Clarion Inn Lake Buena Vista Hotel Orlando,Comfort Lake Buena Vista,Comfort Inn Orlando,Orlando Comfort Inn"
http://www.tripadvisor.com/Hotel_Review-g34169-d296362-Reviews-Regal_Palms_Resort_Spa-Davenport_Florida.html,598,$$,33897,2700 Sand Mine Road,Regal Palms Resort & Spa,Davenport,,-81.674469,"[(u'Location', u'4 of 5 stars'), (u'Sleep Quality', u'4 of 5 stars'), (u'Rooms', u'4 of 5 stars'), (u'Service', u'3.5 of 5 stars'), (u'Value', u'4 of 5 stars'), (u'Cleanliness', u'4 of 5 stars')]",FL,"Fitness Center with Gym / Workout Room,Free Parking,Restaurant,Pool,Room Service,Bar/Lounge,Free High Speed Internet ( WiFi )",4.0,28.310616,"[(u'Excellent', u'673'), (u'Very good', u'352'), (u'Average', u'141'), (u'Poor', u'140'), (u'Terrible', u'170')]","Regal Palms Hotel Davenport,Regal Palms Resort And Spa,Regal Palms Davenport,Regal Palms Resort Florida,Regal Palms At Highlands Reserve,Palm Regal Resort"
http://www.tripadvisor.com/Hotel_Review-g47724-d253146-Reviews-Hilton_Garden_Inn_Poughkeepsie_Fishkill-Fishkill_New_York.html,111,$$,12524,25 Westage Rd,Hilton Garden Inn Poughkeepsie/Fishkill,Fishkill,,-73.893883,"[(u'Location', u'4.5 of 5 stars'), (u'Sleep Quality', u'4.5 of 5 stars'), (u'Rooms', u'4.5 of 5 stars'), (u'Service', u'4.5 of 5 stars'), (u'Value', u'4.5 of 5 stars'), (u'Cleanliness', u'4.5 of 5 stars')]",NY,"Pool,Free Parking,Fitness Center with Gym / Workout Room,Restaurant,Room Service,Bar/Lounge,Free High Speed Internet ( WiFi )",4.5,41.525402,"[(u'Excellent', u'234'), (u'Very good', u'105'), (u'Average', u'28'), (u'Poor', u'10'), (u'Terrible', u'12')]","Hilton Garden Inn Poughkeepsie/Fishkill Hotel Fishkill,Hilton Garden Inn Fishkill,Hilton Fishkill,Fishkill Hilton"
http://www.tripadvisor.com/Hotel_Review-g45963-d277720-Reviews-Hilton_Grand_Vacations_Suites_on_the_Las_Vegas_Strip-Las_Vegas_Nevada.html,1228,$,89109,2650 Las Vegas Blvd. South,Hilton Grand Vacations Suites on the Las Vegas Strip,Las Vegas,,-115.161186,"[(u'Sleep Quality', u'4.5 of 5 stars'), (u'Location', u'3.5 of 5 stars'), (u'Rooms', u'4.5 of 5 stars'), (u'Service', u'4.5 of 5 stars'), (u'Value', u'4 of 5 stars'), (u'Cleanliness', u'4.5 of 5 stars')]",NV,"Pool,Fitness Center with Gym / Workout Room,Spa,Restaurant,Free High Speed Internet ( WiFi ),Bar/Lounge",4.0,36.140072,"[(u'Excellent', u'1,339'), (u'Very good', u'1,176'), (u'Average', u'370'), (u'Poor', u'123'), (u'Terrible', u'82')]","Hilton Grand Vacations Suites On The Las Vegas Strip Hotel Las Vegas,Hilton Hotel Las Vegas,Hilton Las Vegas,Hilton Grand Vacations Club Las Vegas Strip,Las Vegas Hilton,Hilton Grand Vacations Strip Las Vegas"
http://www.tripadvisor.com/Hotel_Review-g32655-d1197096-Reviews-Holiday_Inn_Express_Hotel_Suites_Woodland_Hills-Los_Angeles_California.html,86,$$,91364,22617 Ventura Boulevard,Holiday Inn Express Hotel & Suites Woodland Hills,Los Angeles,,-118.619675,"[(u'Location', u'4 of 5 stars'), (u'Sleep Quality', u'4 of 5 stars'), (u'Rooms', u'4 of 5 stars'), (u'Service', u'4 of 5 stars'), (u'Value', u'4 of 5 stars'), (u'Cleanliness', u'4.5 of 5 stars')]",CA,"Free Parking,Fitness Center with Gym / Workout Room,Free High Speed Internet ( WiFi ),Free Breakfast",4.0,34.167770,"[(u'Excellent', u'40'), (u'Very good', u'66'), (u'Average', u'26'), (u'Poor', u'10'), (u'Terrible', u'3')]",Holiday Inn Express Hotel And Suites Woodland Hills
http://www.tripadvisor.com/Hotel_Review-g60763-d93607-Reviews-Loews_Regency_New_York_Hotel-New_York_City_New_York.html,379,$$$$,10065,540 Park Avenue,Loews Regency New York Hotel,New York City,,-73.969215,"[(u'Location', u'5 of 5 stars'), (u'Sleep Quality', u'4.5 of 5 stars'), (u'Rooms', u'5 of 5 stars'), (u'Service', u'4.5 of 5 stars'), (u'Value', u'4.5 of 5 stars'), (u'Cleanliness', u'5 of 5 stars')]",NY,"Room Service,Restaurant,Free High Speed Internet ( WiFi ),Bar/Lounge,Fitness Center with Gym / Workout Room,Spa",4.5,40.764549,"[(u'Excellent', u'459'), (u'Very good', u'100'), (u'Average', u'31'), (u'Poor', u'13'), (u'Terrible', u'6')]","Regency New York City,Regency Hotel New York,New York City Regency,Loews New York City,New York City Loews,Regency Hotel Nyc"
http://www.tripadvisor.com/Hotel_Review-g34515-d235242-Reviews-Blue_Tree_Resort_at_Lake_Buena_Vista-Orlando_Florida.html,250,$,32836,12007 Cypress Run Road,Blue Tree Resort at Lake Buena Vista,Orlando,,-81.501755,"[(u'Location', u'4.5 of 5 stars'), (u'Sleep Quality', u'4.5 of 5 stars'), (u'Rooms', u'4.5 of 5 stars'), (u'Service', u'4 of 5 stars'), (u'Value', u'4.5 of 5 stars'), (u'Cleanliness', u'4 of 5 stars')]",FL,"Pool,Fitness Center with Gym / Workout Room,Free Parking,Free High Speed Internet ( WiFi ),Room Service,Bar/Lounge",4.0,28.388399,"[(u'Excellent', u'527'), (u'Very good', u'352'), (u'Average', u'115'), (u'Poor', u'35'), (u'Terrible', u'37')]","Blue Tree Hotel Orlando,Blue Tree Resort,Blue Tree Orlando,Lake Buena Vista Blue Tree Resort"
http://www.tripadvisor.com/Hotel_Review-g29092-d225012-Reviews-Extended_Stay_America_Orange_County_Anaheim_Convention_Center-Anaheim_California.html,124,$,92802,1742 South Clementine,Extended Stay America - Orange County - Anaheim Convention Center,Anaheim,,-117.908859,"[(u'Location', u'4 of 5 stars'), (u'Sleep Quality', u'3.5 of 5 stars'), (u'Rooms', u'3.5 of 5 stars'), (u'Service', u'3.5 of 5 stars'), (u'Value', u'3.5 of 5 stars'), (u'Cleanliness', u'3.5 of 5 stars')]",CA,"Free Parking,Free Breakfast,Free High Speed Internet ( WiFi )",3.5,33.804790,"[(u'Excellent', u'47'), (u'Very good', u'30'), (u'Average', u'14'), (u'Poor', u'18'), (u'Terrible', u'32')]","Extended Stayamerica Anaheim Hotel Anaheim,Extended Stay America Anaheim,Extended Stay Anaheim,Anaheim Extended Stay"
http://www.tripadvisor.com/Hotel_Review-g29092-d279768-Reviews-Motel_6_Anaheim-Anaheim_California.html,31,$,92804,701 South Brookhurst Street,Motel 6 Anaheim,Anaheim,,-117.959610,"[(u'Location', u'4 of 5 stars'), (u'Sleep Quality', u'3.5 of 5 stars'), (u'Rooms', u'4 of 5 stars'), (u'Service', u'4 of 5 stars'), (u'Value', u'4.5 of 5 stars'), (u'Cleanliness', u'4 of 5 stars')]",CA,"Free Parking,Free High Speed Internet ( WiFi )",4.0,33.822708,"[(u'Excellent', u'15'), (u'Very good', u'10'), (u'Average', u'7'), (u'Poor', u'5'), (u'Terrible', u'1')]",Regency Hotel Anaheim
http://www.tripadvisor.com/Hotel_Review-g34515-d2207809-Reviews-Wyndham_Grand_Orlando_Resort_Bonnet_Creek-Orlando_Florida.html,400,$$,32830,14651 Chelonia Parkway,Wyndham Grand Orlando Resort Bonnet Creek,Orlando,,-81.535088,"[(u'Location', u'4.5 of 5 stars'), (u'Sleep Quality', u'4.5 of 5 stars'), (u'Rooms', u'4.5 of 5 stars'), (u'Service', u'4.5 of 5 stars'), (u'Value', u'4 of 5 stars'), (u'Cleanliness', u'4.5 of 5 stars')]",FL,"Pool,Fitness Center with Gym / Workout Room,Room Service,Bar/Lounge,Spa,Free High Speed Internet ( WiFi ),Restaurant",4.5,28.357815,"[(u'Excellent', u'1,853'), (u'Very good', u'939'), (u'Average', u'414'), (u'Poor', u'126'), (u'Terrible', u'59')]",Wyndham Grand Orlando Resort Bonnet Creek Hotel Orlando
http://www.tripadvisor.com/Hotel_Review-g34515-d85447-Reviews-Four_Points_by_Sheraton_Orlando_Studio_City_Hotel-Orlando_Florida.html,302,$,32819,5905 International Drive,Four Points by Sheraton Orlando Studio City Hotel,Orlando,,-81.461235,"[(u'Location', u'4.5 of 5 stars'), (u'Sleep Quality', u'4 of 5 stars'), (u'Rooms', u'4 of 5 stars'), (u'Service', u'4 of 5 stars'), (u'Value', u'4 of 5 stars'), (u'Cleanliness', u'4 of 5 stars')]",FL,"Pool,Free Parking,Restaurant,Room Service,Fitness Center with Gym / Workout Room,Free High Speed Internet ( WiFi ),Bar/Lounge",4.0,28.463005,"[(u'Excellent', u'635'), (u'Very good', u'647'), (u'Average', u'264'), (u'Poor', u'103'), (u'Terrible', u'65')]","4 Points By Sheraton Studio City Hotel,Four Points Orlando,Sheraton Orlando,Orlando Sheraton,Orlando Four Points,Sheraton Studio City Orlando"
http://www.tripadvisor.com/Hotel_Review-g34515-d87847-Reviews-Monumental_Hotel_Orlando-Orlando_Florida.html,101,$,32821,12120 International Drive,Monumental Hotel Orlando,Orlando,,-81.472771,"[(u'Location', u'4 of 5 stars'), (u'Sleep Quality', u'4 of 5 stars'), (u'Rooms', u'4 of 5 stars'), (u'Service', u'4 of 5 stars'), (u'Value', u'4 of 5 stars'), (u'Cleanliness', u'4 of 5 stars')]",FL,"Pool,Restaurant,Free High Speed Internet ( WiFi ),Room Service,Bar/Lounge",4.0,28.390141,"[(u'Excellent', u'137'), (u'Very good', u'150'), (u'Average', u'73'), (u'Poor', u'36'), (u'Terrible', u'30')]","Monumental Resort Orlando,Orlando Monumental Hotel"
http://www.tripadvisor.com/Hotel_Review-g34352-d86038-Reviews-Liki_Tiki_Village-Kissimmee_Florida.html,638,$,34787,17777 Bali Blvd,Liki Tiki Village,Kissimmee,,-81.655373,"[(u'Location', u'4 of 5 stars'), (u'Sleep Quality', u'4 of 5 stars'), (u'Rooms', u'4 of 5 stars'), (u'Service', u'4 of 5 stars'), (u'Value', u'4 of 5 stars'), (u'Cleanliness', u'4 of 5 stars')]",FL,"Pool,Fitness Center with Gym / Workout Room,Free Parking,Restaurant,Bar/Lounge,Free High Speed Internet ( WiFi )",4.0,28.350248,"[(u'Excellent', u'754'), (u'Very good', u'689'), (u'Average', u'294'), (u'Poor', u'155'), (u'Terrible', u'205')]","Liki Tiki Hotel,Liki Tiki Village Orlando,Liki Tiki Village Kissimmee"
http://www.tripadvisor.com/Hotel_Review-g34515-d624546-Reviews-Hilton_Garden_Inn_Orlando_International_Drive_North-Orlando_Florida.html,158,$,32819,5877 American Way,Hilton Garden Inn Orlando International Drive North,Orlando,,-81.461174,"[(u'Location', u'4.5 of 5 stars'), (u'Sleep Quality', u'4.5 of 5 stars'), (u'Rooms', u'4.5 of 5 stars'), (u'Service', u'4.5 of 5 stars'), (u'Value', u'4.5 of 5 stars'), (u'Cleanliness', u'4.5 of 5 stars')]",FL,"Pool,Restaurant,Free Parking,Fitness Center with Gym / Workout Room,Room Service,Bar/Lounge,Free High Speed Internet ( WiFi )",4.5,28.465607,"[(u'Excellent', u'375'), (u'Very good', u'208'), (u'Average', u'57'), (u'Poor', u'17'), (u'Terrible', u'9')]","Hilton Garden Inn Orlando International Drive North Hotel Orlando,Hilton Orlando"
http://www.tripadvisor.com/Hotel_Review-g48245-d99001-Reviews-Mohonk_Mountain_House-New_Paltz_New_York.html,265,$$$$,12561,1000 Mountain Rest Rd.,Mohonk Mountain House,New Paltz,,-74.155884,"[(u'Location', u'5 of 5 stars'), (u'Sleep Quality', u'4 of 5 stars'), (u'Rooms', u'4 of 5 stars'), (u'Service', u'4.5 of 5 stars'), (u'Value', u'3.5 of 5 stars'), (u'Cleanliness', u'4.5 of 5 stars')]",NY,"Pool,Free Parking,Restaurant,Fitness Center with Gym / Workout Room,Room Service,Free High Speed Internet ( WiFi )",4.0,41.768291,"[(u'Excellent', u'758'), (u'Very good', u'372'), (u'Average', u'152'), (u'Poor', u'106'), (u'Terrible', u'73')]","Mohonk House,Mohonk Mountain Hotel,Mohonk New Paltz,Mohawk Mountain House,Mohonk Mountain House New Paltz Ny,Mohonk Mountain New Paltz,Mohonk Mountain House New Paltz New York,New Paltz Mohonk Mountain House Resort,Mohonk Hotel New York"
http://www.tripadvisor.com/Hotel_Review-g45963-d1456410-Reviews-Mandarin_Oriental_Las_Vegas-Las_Vegas_Nevada.html,392,$$$,89109,3752 Las Vegas Boulevard South,"Mandarin Oriental, Las Vegas",Las Vegas,,-115.174080,"[(u'Location', u'5 of 5 stars'), (u'Sleep Quality', u'5 of 5 stars'), (u'Rooms', u'5 of 5 stars'), (u'Service', u'5 of 5 stars'), (u'Value', u'4.5 of 5 stars'), (u'Cleanliness', u'5 of 5 stars')]",NV,"Pool,Fitness Center with Gym / Workout Room,Room Service,Restaurant,Bar/Lounge,Spa,Free High Speed Internet ( WiFi )",5.0,36.106129,"[(u'Excellent', u'3,239'), (u'Very good', u'437'), (u'Average', u'120'), (u'Poor', u'27'), (u'Terrible', u'24')]","Mandarin Oriental, Las Vegas Hotel Las Vegas"
http://www.tripadvisor.com/Hotel_Review-g47724-d99176-Reviews-Extended_Stay_America_Fishkill_Route_9-Fishkill_New_York.html,106,$$,12524,25 Merritt Blvd,Extended Stay America - Fishkill - Route 9,Fishkill,,-73.892174,"[(u'Location', u'4 of 5 stars'), (u'Sleep Quality', u'4 of 5 stars'), (u'Rooms', u'3.5 of 5 stars'), (u'Service', u'3.5 of 5 stars'), (u'Value', u'3.5 of 5 stars'), (u'Cleanliness', u'3.5 of 5 stars')]",NY,"Free Parking,Fitness Center with Gym / Workout Room,Free Breakfast,Free High Speed Internet ( WiFi )",3.0,41.531052,"[(u'Excellent', u'15'), (u'Very good', u'12'), (u'Average', u'19'), (u'Poor', u'5'), (u'Terrible', u'12')]","Homestead Studio Suites Fishkill - Poughkeepsie Hotel Fishkill,Extended Stay America Fishkill"
http://www.tripadvisor.com/Hotel_Review-g32655-d84437-Reviews-The_Canoga_Hotel-Los_Angeles_California.html,39,$$,91303,7126 De Soto Avenue,The Canoga Hotel,Los Angeles,,-118.588249,"[(u'Sleep Quality', u'4.5 of 5 stars'), (u'Location', u'3.5 of 5 stars'), (u'Rooms', u'4 of 5 stars'), (u'Service', u'4 of 5 stars'), (u'Value', u'4 of 5 stars'), (u'Cleanliness', u'4 of 5 stars')]",CA,"Free Parking,Free Breakfast,Free High Speed Internet ( WiFi )",4.0,34.199722,"[(u'Excellent', u'13'), (u'Very good', u'5'), (u'Average', u'5'), (u'Poor', u'3'), (u'Terrible', u'2')]","Ramada Limited Canoga Park/Warner Hotel Los Angeles,Ramada Hotel Los Angeles,Ramada Los Angeles,Los Angeles Ramada"
http://www.tripadvisor.com/Hotel_Review-g29092-d75732-Reviews-Super_8_Anaheim_Disneyland_Drive-Anaheim_California.html,100,$,92802,915 S. Disneyland Drive,Super 8 Anaheim Disneyland Drive,Anaheim,,-117.923218,"[(u'Location', u'4 of 5 stars'), (u'Sleep Quality', u'3.5 of 5 stars'), (u'Rooms', u'3.5 of 5 stars'), (u'Service', u'3.5 of 5 stars'), (u'Value', u'4 of 5 stars'), (u'Cleanliness', u'3.5 of 5 stars')]",CA,"Pool,Free Parking,Free Breakfast,Free High Speed Internet ( WiFi )",3.5,33.819523,"[(u'Excellent', u'139'), (u'Very good', u'282'), (u'Average', u'187'), (u'Poor', u'96'), (u'Terrible', u'72')]","Super 8 Anaheim Disneyland Drive Hotel Anaheim,Super Eight Anaheim,Anaheim Super Eight,Anaheim Super 8"
http://www.tripadvisor.com/Hotel_Review-g29092-d75661-Reviews-Eden_Roc_Inn_Suites-Anaheim_California.html,84,$,90404,1830 S West St,Eden Roc Inn & Suites,Anaheim,,-117.923615,"[(u'Location', u'4.5 of 5 stars'), (u'Sleep Quality', u'3.5 of 5 stars'), (u'Rooms', u'3 of 5 stars'), (u'Service', u'3.5 of 5 stars'), (u'Value', u'3.5 of 5 stars'), (u'Cleanliness', u'3 of 5 stars')]",CA,"Pool,Free Parking,Free High Speed Internet ( WiFi )",3.0,33.802116,"[(u'Excellent', u'95'), (u'Very good', u'100'), (u'Average', u'58'), (u'Poor', u'48'), (u'Terrible', u'79')]","Eden Roc Hotel Anaheim,Eden Roc Inn And Suites,Eden Roc Motel,Parkside Inn Disneyland,Anaheim Parkside Inn Suites,Parkside Inn Suites Anaheim"
http://www.tripadvisor.com/Hotel_Review-g34515-d87833-Reviews-Marriott_s_Grande_Vista-Orlando_Florida.html,1616,$$,32821,5925 Avenida Vista,Marriott's Grande Vista,Orlando,,-81.454941,"[(u'Location', u'4.5 of 5 stars'), (u'Sleep Quality', u'4.5 of 5 stars'), (u'Rooms', u'4.5 of 5 stars'), (u'Service', u'4 of 5 stars'), (u'Value', u'4.5 of 5 stars'), (u'Cleanliness', u'4.5 of 5 stars')]",FL,"Restaurant,Pool,Free Parking,Fitness Center with Gym / Workout Room,Free High Speed Internet ( WiFi ),Spa",4.5,28.397081,"[(u'Excellent', u'1,494'), (u'Very good', u'824'), (u'Average', u'254'), (u'Poor', u'114'), (u'Terrible', u'66')]","Marriott`s Grande Vista Hotel Orlando,Marriotts Hotel Orlando,Marriott Vacation Club Orlando,Marriott Orlando,Orlando Marriott,Marriott Grande Vista Orlando"
http://www.tripadvisor.com/Hotel_Review-g34515-d120273-Reviews-Parc_Corniche_Condominium_Resort_Hotel-Orlando_Florida.html,190,$,32821,6300 Parc Corniche Drive,Parc Corniche Condominium Resort Hotel,Orlando,,-81.463722,"[(u'Location', u'4.5 of 5 stars'), (u'Sleep Quality', u'4 of 5 stars'), (u'Rooms', u'3.5 of 5 stars'), (u'Service', u'3.5 of 5 stars'), (u'Value', u'4 of 5 stars'), (u'Cleanliness', u'3.5 of 5 stars')]",FL,"Pool,Free Parking,Restaurant,Fitness Center with Gym / Workout Room,Room Service,Free Breakfast,Bar/Lounge",3.5,28.399223,"[(u'Excellent', u'159'), (u'Very good', u'370'), (u'Average', u'146'), (u'Poor', u'58'), (u'Terrible', u'61')]","Parc Corniche Condominium Hotel Orlando,Parc Corniche Condominium Resort"
http://www.tripadvisor.com/Hotel_Review-g34515-d645051-Reviews-Hyatt_Place_Orlando_Universal-Orlando_Florida.html,151,$,32819,5895 Caravan Court,Hyatt Place Orlando Universal,Orlando,,-81.456902,"[(u'Location', u'4.5 of 5 stars'), (u'Sleep Quality', u'4.5 of 5 stars'), (u'Rooms', u'4.5 of 5 stars'), (u'Service', u'4.5 of 5 stars'), (u'Value', u'4.5 of 5 stars'), (u'Cleanliness', u'4.5 of 5 stars')]",FL,"Free Parking,Pool,Fitness Center with Gym / Workout Room,Free High Speed Internet ( WiFi ),Restaurant,Bar/Lounge,Free Breakfast",4.5,28.474951,"[(u'Excellent', u'194'), (u'Very good', u'137'), (u'Average', u'37'), (u'Poor', u'2'), (u'Terrible', u'4')]","Hyatt Place Universal Studios Hotel Orlando,Hyatt Place Orlando,Hyatt Universal Studios,Hyatt Orlando"
http://www.tripadvisor.com/Hotel_Review-g34515-d123527-Reviews-Doubletree_By_Hilton_at_the_Entrance_to_Universal_Orlando-Orlando_Florida.html,742,$,32819,5780 Major Boulevard,Doubletree By Hilton at the Entrance to Universal Orlando,Orlando,,-81.457031,"[(u'Location', u'4.5 of 5 stars'), (u'Sleep Quality', u'4 of 5 stars'), (u'Rooms', u'4 of 5 stars'), (u'Service', u'4 of 5 stars'), (u'Value', u'4 of 5 stars'), (u'Cleanliness', u'4 of 5 stars')]",FL,"Pool,Restaurant,Fitness Center with Gym / Workout Room,Room Service,Free High Speed Internet ( WiFi ),Bar/Lounge",4.0,28.478916,"[(u'Excellent', u'869'), (u'Very good', u'997'), (u'Average', u'586'), (u'Poor', u'249'), (u'Terrible', u'159')]","Doubletree By Hilton At The Entrance To Universal Orlando Hotel Orlando,Doubletree Orlando,Orlando Doubletree,Doubletree Universal"
http://www.tripadvisor.com/Hotel_Review-g45963-d97737-Reviews-The_Mirage_Hotel_Casino-Las_Vegas_Nevada.html,3044,$$,89109,3400 Las Vegas Blvd. S.,The Mirage Hotel & Casino,Las Vegas,,-115.174088,"[(u'Location', u'5 of 5 stars'), (u'Sleep Quality', u'4.5 of 5 stars'), (u'Rooms', u'4.5 of 5 stars'), (u'Service', u'4.5 of 5 stars'), (u'Value', u'4 of 5 stars'), (u'Cleanliness', u'4.5 of 5 stars')]",NV,"Pool,Restaurant,Fitness Center with Gym / Workout Room,Room Service,Bar/Lounge,Free Parking,Free High Speed Internet ( WiFi ),Spa",4.5,36.121193,"[(u'Excellent', u'6,094'), (u'Very good', u'4,190'), (u'Average', u'1,293'), (u'Poor', u'411'), (u'Terrible', u'203')]","The Mirage Hotel And Casino,The Mirage Hotel Las Vegas,Mirage Hotel Las Vegas,Mirage Las Vegas,Hotel Las Mirage Vegas"
http://www.tripadvisor.com/Hotel_Review-g57093-d122919-Reviews-La_Quinta_Inn_Orem-Orem_Utah.html,54,$,84057,1100 West 780 North,La Quinta Inn Orem,Orem,,-111.722145,"[(u'Location', u'4 of 5 stars'), (u'Sleep Quality', u'4 of 5 stars'), (u'Rooms', u'3.5 of 5 stars'), (u'Service', u'4 of 5 stars'), (u'Value', u'4 of 5 stars'), (u'Cleanliness', u'4 of 5 stars')]",UT,"Pool,Free Parking,Fitness Center with Gym / Workout Room,Free Breakfast,Free High Speed Internet ( WiFi )",3.5,40.311108,"[(u'Excellent', u'55'), (u'Very good', u'35'), (u'Average', u'21'), (u'Poor', u'13'), (u'Terrible', u'27')]","La Quinta Inn Of Orem / Provo North Hotel Orem,Orem La Quinta,La Quinta Orem,La Quinta Inn Orem Utah"
http://www.tripadvisor.com/Hotel_Review-g60745-d222957-Reviews-BEST_WESTERN_PLUS_Roundhouse_Suites-Boston_Massachusetts.html,92,$$$,02118,891 Massachusetts Avenue,BEST WESTERN PLUS Roundhouse Suites,Boston,,-71.071465,"[(u'Sleep Quality', u'4 of 5 stars'), (u'Location', u'3.5 of 5 stars'), (u'Rooms', u'4 of 5 stars'), (u'Service', u'4 of 5 stars'), (u'Value', u'4 of 5 stars'), (u'Cleanliness', u'4 of 5 stars')]",MA,"Free Parking,Fitness Center with Gym / Workout Room,Free Breakfast,Free High Speed Internet ( WiFi ),Bar/Lounge",3.5,42.331749,"[(u'Excellent', u'189'), (u'Very good', u'338'), (u'Average', u'139'), (u'Poor', u'78'), (u'Terrible', u'38')]","Best Western Plus Roundhouse Hotel Boston,Best Western Roundhouse Hotel,Best Western Boston,Boston Best Western"
http://www.tripadvisor.com/Hotel_Review-g34515-d223016-Reviews-Fairfield_Inn_Suites_Orlando_Universal_Studios-Orlando_Florida.html,116,$,32819,5614 Vineland Road,Fairfield Inn & Suites Orlando Universal Studios,Orlando,,-81.456497,"[(u'Location', u'4.5 of 5 stars'), (u'Sleep Quality', u'4.5 of 5 stars'), (u'Rooms', u'4.5 of 5 stars'), (u'Service', u'4.5 of 5 stars'), (u'Value', u'4.5 of 5 stars'), (u'Cleanliness', u'4.5 of 5 stars')]",FL,"Pool,Free Parking,Fitness Center with Gym / Workout Room,Room Service,Restaurant,Free High Speed Internet ( WiFi ),Free Breakfast",4.5,28.482029,"[(u'Excellent', u'331'), (u'Very good', u'212'), (u'Average', u'57'), (u'Poor', u'10'), (u'Terrible', u'7')]","Fairfield Inn And Suites Orlando Universal Studios,Fairfield Inn & Suites Orlando Universal Studios Hotel Orlando,Fairfield Inn Orlando,Fairfield Orlando,Orlando Fairfield Inn"
http://www.tripadvisor.com/Hotel_Review-g48521-d2461124-Reviews-1850_House_Inn_Tavern-Rosendale_New_York.html,10,$$$,12472,435 Main Street,1850 House Inn & Tavern,Rosendale,,-74.083458,"[(u'Location', u'4.5 of 5 stars'), (u'Sleep Quality', u'4.5 of 5 stars'), (u'Rooms', u'5 of 5 stars'), (u'Service', u'5 of 5 stars'), (u'Value', u'4.5 of 5 stars'), (u'Cleanliness', u'5 of 5 stars')]",NY,"Bar/Lounge,Free Parking,Restaurant,Free Breakfast,Free High Speed Internet ( WiFi )",5.0,41.843842,"[(u'Excellent', u'87'), (u'Very good', u'8'), (u'Average', u'1'), (u'Poor', u'0'), (u'Terrible', u'2')]",
http://www.tripadvisor.com/Hotel_Review-g34515-d250130-Reviews-Comfort_Suites_Universal_Studio_Area-Orlando_Florida.html,101,$,32819,5617 Major Boulevard,Comfort Suites Universal Studio Area,Orlando,,-81.453171,"[(u'Location', u'4.5 of 5 stars'), (u'Sleep Quality', u'4.5 of 5 stars'), (u'Rooms', u'4.5 of 5 stars'), (u'Service', u'4.5 of 5 stars'), (u'Value', u'4.5 of 5 stars'), (u'Cleanliness', u'4.5 of 5 stars')]",FL,"Pool,Free Parking,Fitness Center with Gym / Workout Room,Free High Speed Internet ( WiFi ),Free Breakfast",4.0,28.481636,"[(u'Excellent', u'222'), (u'Very good', u'165'), (u'Average', u'44'), (u'Poor', u'17'), (u'Terrible', u'10')]","Comfort Suites Universal Studio Area Hotel Orlando,Comfort Suites Orlando,Orlando Comfort Suites"
http://www.tripadvisor.com/Hotel_Review-g32655-d76325-Reviews-BEST_WESTERN_Canoga_Park_Motor_Inn-Los_Angeles_California.html,46,$$,91306,20122 Vanowen Street,BEST WESTERN Canoga Park Motor Inn,Los Angeles,,-118.572021,"[(u'Sleep Quality', u'4.5 of 5 stars'), (u'Location', u'4 of 5 stars'), (u'Rooms', u'4.5 of 5 stars'), (u'Service', u'4.5 of 5 stars'), (u'Value', u'4 of 5 stars'), (u'Cleanliness', u'4.5 of 5 stars')]",CA,"Pool,Room Service,Free Internet,Free Parking,Restaurant,Free Breakfast",4.0,34.193020,"[(u'Excellent', u'74'), (u'Very good', u'52'), (u'Average', u'17'), (u'Poor', u'6'), (u'Terrible', u'5')]","Best Western Canoga Park Motor Hotel Los Angeles,Best Western Los Angeles,Los Angeles Best Western"
http://www.tripadvisor.com/Hotel_Review-g29092-d75493-Reviews-Hotel_Menage-Anaheim_California.html,244,$$,92805,1221 South Harbor Boulevard,Hotel Menage,Anaheim,,-117.916321,"[(u'Location', u'4 of 5 stars'), (u'Sleep Quality', u'3.5 of 5 stars'), (u'Rooms', u'4 of 5 stars'), (u'Service', u'4 of 5 stars'), (u'Value', u'4 of 5 stars'), (u'Cleanliness', u'4 of 5 stars')]",CA,"Pool,Restaurant,Fitness Center with Gym / Workout Room,Room Service,Free High Speed Internet ( WiFi ),Bar/Lounge",4.0,33.817520,"[(u'Excellent', u'634'), (u'Very good', u'498'), (u'Average', u'268'), (u'Poor', u'143'), (u'Terrible', u'111')]","Menage Hotel Anaheim,Hotel Menage Anaheim"
http://www.tripadvisor.com/Hotel_Review-g60814-d567185-Reviews-Savannah_Bed_Breakfast_Inn-Savannah_Georgia.html,30,$$,31401,117 West Gordon Street at Chatham Square,Savannah Bed & Breakfast Inn,Savannah,,-81.096687,"[(u'Location', u'4.5 of 5 stars'), (u'Sleep Quality', u'4.5 of 5 stars'), (u'Rooms', u'4.5 of 5 stars'), (u'Service', u'4.5 of 5 stars'), (u'Value', u'4.5 of 5 stars'), (u'Cleanliness', u'4.5 of 5 stars')]",GA,"Free Parking,Free High Speed Internet ( WiFi ),Free Breakfast",4.5,32.071350,"[(u'Excellent', u'399'), (u'Very good', u'201'), (u'Average', u'69'), (u'Poor', u'18'), (u'Terrible', u'13')]","Savannah Bed And Breakfast Inn,Savannah Hotel Savannah"
http://www.tripadvisor.com/Hotel_Review-g57106-d109951-Reviews-Sleep_Inn_Provo-Provo_Utah.html,82,$,84606,1505 South 40 East,Sleep Inn Provo,Provo,,-111.655998,"[(u'Location', u'4 of 5 stars'), (u'Sleep Quality', u'4 of 5 stars'), (u'Rooms', u'3.5 of 5 stars'), (u'Service', u'3.5 of 5 stars'), (u'Value', u'4 of 5 stars'), (u'Cleanliness', u'4 of 5 stars')]",UT,"Pool,Free Parking,Fitness Center with Gym / Workout Room,Free Breakfast,Free High Speed Internet ( WiFi )",3.5,40.213638,"[(u'Excellent', u'32'), (u'Very good', u'56'), (u'Average', u'32'), (u'Poor', u'12'), (u'Terrible', u'16')]","Provo Sleep Inn,Sleep Inn Provo Utah"
http://www.tripadvisor.com/Hotel_Review-g30620-d1673732-Reviews-Sleep_Inn_Suites_Huntsville-Huntsville_Alabama.html,66,$,35816,4727 University Drive,Sleep Inn & Suites Huntsville,Huntsville,,-86.651245,"[(u'Location', u'4.5 of 5 stars'), (u'Sleep Quality', u'4.5 of 5 stars'), (u'Rooms', u'4.5 of 5 stars'), (u'Service', u'5 of 5 stars'), (u'Value', u'4.5 of 5 stars'), (u'Cleanliness', u'5 of 5 stars')]",AL,"Free Parking,Fitness Center with Gym / Workout Room,Restaurant,Free High Speed Internet ( WiFi )",4.5,34.736565,"[(u'Excellent', u'141'), (u'Very good', u'55'), (u'Average', u'17'), (u'Poor', u'1'), (u'Terrible', u'1')]",
http://www.tripadvisor.com/Hotel_Review-g60763-d1456416-Reviews-Trump_SoHo_New_York-New_York_City_New_York.html,391,$$$$,10013,246 Spring Street,Trump SoHo New York,New York City,,-74.005333,"[(u'Location', u'4.5 of 5 stars'), (u'Sleep Quality', u'4.5 of 5 stars'), (u'Rooms', u'4.5 of 5 stars'), (u'Service', u'4.5 of 5 stars'), (u'Value', u'4 of 5 stars'), (u'Cleanliness', u'5 of 5 stars')]",NY,"Room Service,Restaurant,Pool,Fitness Center with Gym / Workout Room,Bar/Lounge,Spa,Free High Speed Internet ( WiFi )",4.5,40.725468,"[(u'Excellent', u'1,557'), (u'Very good', u'467'), (u'Average', u'130'), (u'Poor', u'55'), (u'Terrible', u'35')]",Trump Soho New York Hotel New York City
http://www.tripadvisor.com/Hotel_Review-g34345-d209365-Reviews-The_Inn_at_Key_West-Key_West_Florida_Keys_Florida.html,106,$$,33040,3420 North Roosevelt Boulevard,The Inn at Key West,,,-81.762039,"[(u'Sleep Quality', u'4 of 5 stars'), (u'Location', u'3.5 of 5 stars'), (u'Rooms', u'4 of 5 stars'), (u'Service', u'4 of 5 stars'), (u'Value', u'4 of 5 stars'), (u'Cleanliness', u'4.5 of 5 stars')]",FL,"Pool,Free Parking,Restaurant,Fitness Center with Gym / Workout Room,Free High Speed Internet ( WiFi )",4.0,24.571115,"[(u'Excellent', u'877'), (u'Very good', u'593'), (u'Average', u'200'), (u'Poor', u'96'), (u'Terrible', u'85')]","The Inn At Key West Hotel Key West,Hotel Key West,Inn Key West"
http://www.tripadvisor.com/Hotel_Review-g34515-d223084-Reviews-Comfort_Inn_Suites-Orlando_Florida.html,200,$,32819,7495 Canada Avenue,Comfort Inn & Suites,Orlando,,-81.467621,"[(u'Location', u'4.5 of 5 stars'), (u'Sleep Quality', u'4.5 of 5 stars'), (u'Rooms', u'4.5 of 5 stars'), (u'Service', u'4.5 of 5 stars'), (u'Value', u'4.5 of 5 stars'), (u'Cleanliness', u'4.5 of 5 stars')]",FL,"Pool,Free Parking,Fitness Center with Gym / Workout Room,Free High Speed Internet ( WiFi ),Free Breakfast",4.0,28.453297,"[(u'Excellent', u'248'), (u'Very good', u'255'), (u'Average', u'66'), (u'Poor', u'9'), (u'Terrible', u'8')]","Fairfield Inn And Suites Orlando International Drive,Fairfield Inn & Suites Orlando International Drive Hotel Orlando,Fairfield Inn Orlando,Fairfield Orlando,Orlando Fairfield Inn"
http://www.tripadvisor.com/Hotel_Review-g32655-d248239-Reviews-Super_8_Los_Angeles_Culver_City_Area-Los_Angeles_California.html,31,$$,90066,12664 W. Washington Blvd.,Super 8 Los Angeles / Culver City Area,Los Angeles,,-118.433968,"[(u'Sleep Quality', u'4.5 of 5 stars'), (u'Location', u'4 of 5 stars'), (u'Rooms', u'4 of 5 stars'), (u'Service', u'4 of 5 stars'), (u'Value', u'4.5 of 5 stars'), (u'Cleanliness', u'4.5 of 5 stars')]",CA,"Pool,Free Parking,Free High Speed Internet ( WiFi ),Free Breakfast",4.0,33.996372,"[(u'Excellent', u'116'), (u'Very good', u'214'), (u'Average', u'43'), (u'Poor', u'9'), (u'Terrible', u'3')]","Super 8 Los Angeles / Culver City Area Hotel Los Angeles,Super Eight Los Angeles,Los Angeles Super Eight,Los Angeles Super 8"
http://www.tripadvisor.com/Hotel_Review-g29092-d75708-Reviews-Red_Lion_Hotel_Anaheim_Resort-Anaheim_California.html,308,$$,92802,1850 South Harbor Boulevard,Red Lion Hotel Anaheim Resort,Anaheim,,-117.914444,"[(u'Location', u'4.5 of 5 stars'), (u'Sleep Quality', u'4 of 5 stars'), (u'Rooms', u'4 of 5 stars'), (u'Service', u'4 of 5 stars'), (u'Value', u'4 of 5 stars'), (u'Cleanliness', u'4 of 5 stars')]",CA,"Pool,Restaurant,Room Service,Fitness Center with Gym / Workout Room,Free High Speed Internet ( WiFi ),Bar/Lounge",4.0,33.801693,"[(u'Excellent', u'509'), (u'Very good', u'700'), (u'Average', u'321'), (u'Poor', u'139'), (u'Terrible', u'92')]","Red Lion Anaheim,Anaheim Red Lion,Anaheim Maingate Hotel"
http://www.tripadvisor.com/Hotel_Review-g60814-d89969-Reviews-Country_Inn_Suites_By_Carlson_Savannah_Gateway-Savannah_Georgia.html,72,$,31419,16 Gateway Boulevard East,"Country Inn & Suites By Carlson, Savannah Gateway",Savannah,,-81.277382,"[(u'Location', u'4.5 of 5 stars'), (u'Sleep Quality', u'4.5 of 5 stars'), (u'Rooms', u'4.5 of 5 stars'), (u'Service', u'4.5 of 5 stars'), (u'Value', u'4.5 of 5 stars'), (u'Cleanliness', u'4.5 of 5 stars')]",GA,"Pool,Fitness Center with Gym / Workout Room,Free Parking,Free High Speed Internet ( WiFi ),Free Breakfast",4.0,32.006386,"[(u'Excellent', u'219'), (u'Very good', u'137'), (u'Average', u'58'), (u'Poor', u'26'), (u'Terrible', u'20')]","Clarion Inn & Suites Savannah Hotel Savannah,Clarion Inn And Suites Savannah,Clarion Hotel Savannah,Clarion Savannah,Savannah Clarion"
http://www.tripadvisor.com/Hotel_Review-g28970-d120556-Reviews-The_George-Washington_DC_District_of_Columbia.html,139,$$,20001,"15 E Street, NW",The George,Washington DC,,-77.009979,"[(u'Location', u'4.5 of 5 stars'), (u'Sleep Quality', u'4.5 of 5 stars'), (u'Rooms', u'4.5 of 5 stars'), (u'Service', u'4.5 of 5 stars'), (u'Value', u'4.5 of 5 stars'), (u'Cleanliness', u'4.5 of 5 stars')]",DC,"Room Service,Restaurant,Fitness Center with Gym / Workout Room,Free High Speed Internet ( WiFi )",4.5,38.896389,"[(u'Excellent', u'1,065'), (u'Very good', u'418'), (u'Average', u'113'), (u'Poor', u'22'), (u'Terrible', u'18')]","Kimpton Washington Dc,Hotel George Kimpton"
http://www.tripadvisor.com/Hotel_Review-g60745-d111434-Reviews-Newbury_Guest_House-Boston_Massachusetts.html,32,$$$,02116,261 Newbury St.,Newbury Guest House,Boston,,-71.083298,"[(u'Location', u'5 of 5 stars'), (u'Sleep Quality', u'4.5 of 5 stars'), (u'Rooms', u'4 of 5 stars'), (u'Service', u'4 of 5 stars'), (u'Value', u'4 of 5 stars'), (u'Cleanliness', u'4.5 of 5 stars')]",MA,"Free Internet,Restaurant,Free Breakfast,Room Service,Bar/Lounge",4.0,42.349613,"[(u'Excellent', u'187'), (u'Very good', u'199'), (u'Average', u'48'), (u'Poor', u'20'), (u'Terrible', u'15')]","Newbury Guest House Hotel Boston,Newbury Bed And Breakfast,Newbury Guest House Boston"
http://www.tripadvisor.com/Hotel_Review-g30620-d1023867-Reviews-The_Westin_Huntsville-Huntsville_Alabama.html,210,$$,35806,6800 Governors West NW,The Westin Huntsville,Huntsville,,-86.672523,"[(u'Location', u'4.5 of 5 stars'), (u'Sleep Quality', u'4.5 of 5 stars'), (u'Rooms', u'4.5 of 5 stars'), (u'Service', u'4 of 5 stars'), (u'Value', u'4 of 5 stars'), (u'Cleanliness', u'4.5 of 5 stars')]",AL,"Pool,Room Service,Restaurant,Free Parking,Fitness Center with Gym / Workout Room,Bar/Lounge,Spa,Free High Speed Internet ( WiFi )",4.0,34.718292,"[(u'Excellent', u'146'), (u'Very good', u'92'), (u'Average', u'34'), (u'Poor', u'13'), (u'Terrible', u'13')]","The Westin Huntsville Hotel Huntsville,Huntsville Westin"
http://www.tripadvisor.com/Hotel_Review-g34227-d87418-Reviews-Marriott_s_BeachPlace_Towers-Fort_Lauderdale_Florida.html,412,$$,33316,21 S Fort Lauderdale Beach Blvd,Marriott's BeachPlace Towers,Fort Lauderdale,,-80.105133,"[(u'Location', u'4.5 of 5 stars'), (u'Sleep Quality', u'4 of 5 stars'), (u'Rooms', u'4 of 5 stars'), (u'Service', u'4 of 5 stars'), (u'Value', u'3.5 of 5 stars'), (u'Cleanliness', u'4 of 